{
  "single_task": {
    "code": {
      "acc": 0.829726194996414,
      "normalized_acc": 0.9889465971351776,
      "alphas": [
        0.9331960678100586,
        0.9549663662910461,
        0.017357753589749336,
        0.01031133159995079
      ],
      "num_samples": 23703
    },
    "langid": {
      "acc": 0.87,
      "normalized_acc": 0.9484356262945601,
      "alphas": [
        0.9365818500518799,
        0.9707266688346863,
        0.006413440685719252,
        0.004650901071727276
      ],
      "num_samples": 3000
    },
    "law": {
      "acc": 0.645,
      "normalized_acc": 0.9139861130792122,
      "alphas": [
        0.04840272292494774,
        0.06980318576097488,
        0.9468797445297241,
        0.6386445164680481
      ],
      "num_samples": 1400
    },
    "math": {
      "acc": 0.8921,
      "normalized_acc": 0.9307250912884716,
      "alphas": [
        0.12799911201000214,
        0.21447531878948212,
        0.8349782228469849,
        0.5312857627868652
      ],
      "num_samples": 10000
    }
  },
  "mixed_task": {
    "Mix-A": {
      "task_acc": 0.96875,
      "per_task_recall": {
        "code": 0.961,
        "langid": 1.0,
        "law": 0.963,
        "math": 0.951
      },
      "alphas": [
        0.5115234851837158,
        0.5530752539634705,
        0.4506736397743225,
        0.2961726188659668
      ],
      "num_samples": 4000
    },
    "Mix-B": {
      "task_acc": 0.9675,
      "per_task_recall": {
        "code": 0.9705,
        "langid": 1.0,
        "law": 0.9552,
        "math": 0.96
      },
      "alphas": [
        0.5825768113136292,
        0.6117573380470276,
        0.3824073374271393,
        0.25367075204849243
      ],
      "num_samples": 4000
    },
    "Mix-C": {
      "task_acc": 0.96625,
      "per_task_recall": {
        "code": 0.9813333333333333,
        "langid": 0.9973333333333333,
        "law": 0.9546666666666667,
        "math": 0.9617391304347827
      },
      "alphas": [
        0.27173101902008057,
        0.339351087808609,
        0.6927488446235657,
        0.44518041610717773
      ],
      "num_samples": 4000
    },
    "Mix-D": {
      "task_acc": 0.9825,
      "per_task_recall": {
        "code": 0.984,
        "langid": 0.999578947368421,
        "law": 0.948,
        "math": 0.9537777777777777
      },
      "alphas": [
        0.6576916575431824,
        0.7034057378768921,
        0.29478514194488525,
        0.19116413593292236
      ],
      "num_samples": 4000
    }
  },
  "end_to_end": {
    "Mix-Full": {
      "per_task_acc": {
        "code": 0.8137394957983193,
        "langid": 0.869187675070028,
        "law": 0.6436974789915967,
        "math": 0.8880252100840336
      },
      "per_task_norm_acc": {
        "code": 0.96989212848429,
        "langid": 0.947550065485695,
        "law": 0.9121403981742904,
        "math": 0.9264738759353506
      },
      "per_task_wrong_head": {
        "code": 756,
        "math": 357,
        "law": 48,
        "langid": 3
      },
      "per_task_total": {
        "langid": 3570,
        "code": 23800,
        "math": 9520,
        "law": 1190
      },
      "alphas": [
        0.5091956257820129,
        0.5551042556762695,
        0.45211291313171387,
        0.2923468351364136
      ],
      "avg_norm_acc": 0.9390141170199064
    },
    "Mix-A": {
      "per_task_acc": {
        "code": 0.796,
        "langid": 0.872,
        "law": 0.639,
        "math": 0.892
      },
      "per_task_norm_acc": {
        "code": 0.9487485101311085,
        "langid": 0.9506159380791454,
        "law": 0.9054839166784753,
        "math": 0.9306207616066771
      },
      "per_task_wrong_head": {
        "code": 42,
        "law": 44,
        "math": 45
      },
      "per_task_total": {
        "code": 1000,
        "math": 1000,
        "law": 1000,
        "langid": 1000
      },
      "alphas": [
        0.500718355178833,
        0.5424408912658691,
        0.4622298777103424,
        0.3033790588378906
      ],
      "avg_norm_acc": 0.9338672816238516
    },
    "Mix-B": {
      "per_task_acc": {
        "code": 0.818,
        "langid": 0.9146666666666666,
        "law": 0.6288,
        "math": 0.8986666666666666
      },
      "per_task_norm_acc": {
        "code": 0.9749702026221693,
        "langid": 0.9971292561502961,
        "law": 0.8910301827972227,
        "math": 0.9375760737263084
      },
      "per_task_wrong_head": {
        "code": 67,
        "law": 53,
        "math": 10
      },
      "per_task_total": {
        "langid": 375,
        "code": 2000,
        "law": 1250,
        "math": 375
      },
      "alphas": [
        0.5128369927406311,
        0.5518882870674133,
        0.45001423358917236,
        0.29821938276290894
      ],
      "avg_norm_acc": 0.9501764288239991
    },
    "Mix-C": {
      "per_task_acc": {
        "code": 0.832,
        "langid": 0.848,
        "law": 0.648,
        "math": 0.888695652173913
      },
      "per_task_norm_acc": {
        "code": 0.9916567342073898,
        "langid": 0.9244521966641229,
        "law": 0.9182372112795806,
        "math": 0.927173346034338
      },
      "per_task_wrong_head": {
        "code": 13,
        "math": 128,
        "law": 14
      },
      "per_task_total": {
        "langid": 375,
        "code": 375,
        "math": 2875,
        "law": 375
      },
      "alphas": [
        0.5012092590332031,
        0.5439444780349731,
        0.46192488074302673,
        0.3008275032043457
      ],
      "avg_norm_acc": 0.9403798720463579
    },
    "Mix-D": {
      "per_task_acc": {
        "code": 0.772,
        "langid": 0.872,
        "law": 0.636,
        "math": 0.8915555555555555
      },
      "per_task_norm_acc": {
        "code": 0.9201430274135877,
        "langid": 0.9506159380791454,
        "law": 0.9012328184781069,
        "math": 0.930157074132035
      },
      "per_task_wrong_head": {
        "math": 41,
        "law": 10,
        "code": 5,
        "langid": 2
      },
      "per_task_total": {
        "langid": 2375,
        "math": 1125,
        "law": 250,
        "code": 250
      },
      "alphas": [
        0.49951356649398804,
        0.5400021076202393,
        0.46406930685043335,
        0.30552294850349426
      ],
      "avg_norm_acc": 0.9255372145257187
    }
  },
  "baseline_acc": {
    "code": 0.839,
    "langid": 0.9173,
    "law": 0.7057,
    "math": 0.9585
  }
}