{
  "single_task": null,
  "mixed_task": null,
  "end_to_end": {
    "Mix-Full": {
      "per_task_acc": {
        "code": 0.8048739495798319,
        "langid": 0.8728291316526611,
        "law": 0.373109243697479,
        "math": 0.5008403361344538
      },
      "per_task_norm_acc": {
        "code": 0.9593253272703599,
        "langid": 0.9515198208357801,
        "law": 0.5287080114743928,
        "math": 0.5225251289874322
      },
      "per_task_wrong_head": {
        "code": 758,
        "math": 358,
        "law": 46,
        "langid": 2
      },
      "per_task_total": {
        "langid": 3570,
        "code": 23800,
        "math": 9520,
        "law": 1190
      },
      "alphas": [
        0.7045608758926392,
        0.743739664554596,
        0.24972154200077057,
        0.1595597267150879
      ],
      "avg_norm_acc": 0.7405195721419913
    },
    "Mix-A": {
      "per_task_acc": {
        "code": 0.728,
        "langid": 0.808,
        "law": 0.549,
        "math": 0.799
      },
      "per_task_norm_acc": {
        "code": 0.867699642431466,
        "langid": 0.8808459609724191,
        "law": 0.7779509706674225,
        "math": 0.8335941575378195
      },
      "per_task_wrong_head": {
        "code": 31,
        "law": 38,
        "math": 44
      },
      "per_task_total": {
        "math": 1000,
        "code": 1000,
        "law": 1000,
        "langid": 1000
      },
      "alphas": [
        0.5075405240058899,
        0.5480330586433411,
        0.4553845226764679,
        0.2997713088989258
      ],
      "avg_norm_acc": 0.8400226829022818
    },
    "Mix-B": {
      "per_task_acc": {
        "code": 0.7605,
        "langid": 0.8453333333333334,
        "law": 0.5008,
        "math": 0.7866666666666666
      },
      "per_task_norm_acc": {
        "code": 0.9064362336114422,
        "langid": 0.9215451142846761,
        "law": 0.7096499929148363,
        "math": 0.8207268301165014
      },
      "per_task_wrong_head": {
        "code": 61,
        "law": 57,
        "langid": 1,
        "math": 7
      },
      "per_task_total": {
        "math": 375,
        "code": 2000,
        "law": 1250,
        "langid": 375
      },
      "alphas": [
        0.5801974534988403,
        0.6095519661903381,
        0.3848629593849182,
        0.25551897287368774
      ],
      "avg_norm_acc": 0.839589542731864
    },
    "Mix-C": {
      "per_task_acc": {
        "code": 0.38133333333333336,
        "langid": 0.6346666666666667,
        "law": 0.6346666666666667,
        "math": 0.8789565217391304
      },
      "per_task_norm_acc": {
        "code": 0.4545093365117204,
        "langid": 0.6918856063083688,
        "law": 0.8993434415001654,
        "math": 0.9170125422421809
      },
      "per_task_wrong_head": {
        "code": 8,
        "math": 97,
        "law": 13
      },
      "per_task_total": {
        "math": 2875,
        "code": 375,
        "law": 375,
        "langid": 375
      },
      "alphas": [
        0.26638299226760864,
        0.33474424481391907,
        0.69840407371521,
        0.44684648513793945
      ],
      "avg_norm_acc": 0.7406877316406089
    },
    "Mix-D": {
      "per_task_acc": {
        "code": 0.788,
        "langid": 0.8690526315789474,
        "law": 0.404,
        "math": 0.5795555555555556
      },
      "per_task_norm_acc": {
        "code": 0.9392133492252682,
        "langid": 0.9474028470281777,
        "law": 0.5724812243162818,
        "math": 0.604648466933287
      },
      "per_task_wrong_head": {
        "code": 6,
        "math": 40,
        "law": 14,
        "langid": 1
      },
      "per_task_total": {
        "math": 1125,
        "code": 250,
        "law": 250,
        "langid": 2375
      },
      "alphas": [
        0.6540603637695312,
        0.7006471753120422,
        0.29846641421318054,
        0.19313693046569824
      ],
      "avg_norm_acc": 0.7659364718757536
    }
  },
  "baseline_acc": {
    "code": 0.839,
    "langid": 0.9173,
    "law": 0.7057,
    "math": 0.9585
  }
}