{
  "single_task": null,
  "mixed_task": null,
  "end_to_end": {
    "Mix-Full": {
      "per_task_acc": {
        "code": 0.7151680672268907,
        "langid": 0.8296918767507003,
        "law": 0.5470588235294118,
        "math": 0.7894957983193277
      },
      "per_task_norm_acc": {
        "code": 0.8524053244659008,
        "langid": 0.9044934882270799,
        "law": 0.7752002600671841,
        "math": 0.8236784541672694
      },
      "per_task_wrong_head": {
        "math": 360,
        "law": 54,
        "code": 759,
        "langid": 2
      },
      "per_task_total": {
        "code": 23800,
        "math": 9520,
        "law": 1190,
        "langid": 3570
      },
      "alphas": [
        0.5088011026382446,
        0.5547555685043335,
        0.4525238871574402,
        0.29250168800354004
      ],
      "avg_norm_acc": 0.8389443817318585
    },
    "Mix-A": {
      "per_task_acc": {
        "code": 0.712,
        "langid": 0.837,
        "law": 0.562,
        "math": 0.812
      },
      "per_task_norm_acc": {
        "code": 0.8486293206197855,
        "langid": 0.9124604818489044,
        "law": 0.7963723962023523,
        "math": 0.8471570161711007
      },
      "per_task_wrong_head": {
        "math": 39,
        "law": 35,
        "code": 28
      },
      "per_task_total": {
        "code": 1000,
        "math": 1000,
        "law": 1000,
        "langid": 1000
      },
      "alphas": [
        0.4994291663169861,
        0.541171133518219,
        0.46454715728759766,
        0.30294865369796753
      ],
      "avg_norm_acc": 0.8511548037105358
    },
    "Mix-B": {
      "per_task_acc": {
        "code": 0.719,
        "langid": 0.8186666666666667,
        "law": 0.5528,
        "math": 0.8186666666666667
      },
      "per_task_norm_acc": {
        "code": 0.8569725864123957,
        "langid": 0.8924742904902068,
        "law": 0.7833356950545557,
        "math": 0.854112328290732
      },
      "per_task_wrong_head": {
        "code": 51,
        "math": 15,
        "law": 51
      },
      "per_task_total": {
        "langid": 375,
        "code": 2000,
        "math": 375,
        "law": 1250
      },
      "alphas": [
        0.5024306178092957,
        0.5428631901741028,
        0.46147605776786804,
        0.3027680814266205
      ],
      "avg_norm_acc": 0.8467237250619726
    },
    "Mix-C": {
      "per_task_acc": {
        "code": 0.6933333333333334,
        "langid": 0.8266666666666667,
        "law": 0.56,
        "math": 0.799304347826087
      },
      "per_task_norm_acc": {
        "code": 0.8263806118394915,
        "langid": 0.9011955376285475,
        "law": 0.7935383307354401,
        "math": 0.8339116826563244
      },
      "per_task_wrong_head": {
        "math": 109,
        "law": 12,
        "code": 17
      },
      "per_task_total": {
        "code": 375,
        "math": 2875,
        "law": 375,
        "langid": 375
      },
      "alphas": [
        0.5001940131187439,
        0.5414523482322693,
        0.46328139305114746,
        0.3037559390068054
      ],
      "avg_norm_acc": 0.8387565407149509
    },
    "Mix-D": {
      "per_task_acc": {
        "code": 0.68,
        "langid": 0.8134736842105263,
        "law": 0.56,
        "math": 0.8097777777777778
      },
      "per_task_norm_acc": {
        "code": 0.8104886769964244,
        "langid": 0.8868131300670733,
        "law": 0.7935383307354401,
        "math": 0.8448385787978903
      },
      "per_task_wrong_head": {
        "math": 51,
        "law": 9,
        "langid": 2,
        "code": 6
      },
      "per_task_total": {
        "code": 250,
        "math": 1125,
        "law": 250,
        "langid": 2375
      },
      "alphas": [
        0.4985582232475281,
        0.5411269068717957,
        0.4646534323692322,
        0.3038802146911621
      ],
      "avg_norm_acc": 0.833919679149207
    }
  },
  "baseline_acc": {
    "code": 0.839,
    "langid": 0.9173,
    "law": 0.7057,
    "math": 0.9585
  }
}